{
  "project_info": {
    "project_number": "22152545680",
    "project_id": "optmapp-74ed3",
    "storage_bucket": "optmapp-74ed3.appspot.com"
  },
  "client": [
    {
      "client_info": {
        "mobilesdk_app_id": "1:22152545680:android:cfb8134923f1c449abdf15",
        "android_client_info": {
          "package_name": "com.ust.optmapp"
        }
      },
      "oauth_client": [
        {
          "client_id": "22152545680-6em2munttsqn842cpfemerohk7q7ft86.apps.googleusercontent.com",
          "client_type": 3
        }
      ],
      "api_key": [
        {
          "current_key": "AIzaSyA4mLCw8xNIJ92JQdovq5zqlpevWgFD05U"
        }
      ],
      "services": {
        "appinvite_service": {
          "other_platform_oauth_client": [
            {
              "client_id": "22152545680-6em2munttsqn842cpfemerohk7q7ft86.apps.googleusercontent.com",
              "client_type": 3
            }
          ]
        }
      }
    }
  ],
  "configuration_version": "1"
}